,totalPenalty,penaltyAmount,penaltyDays,forgivenessDescription,enableExpireDatePayment,durationID,durationTitle,coverID,coverAmount,price,discountedPrice,installmentPrice
0,16092,8940,2,با خرید بیمه‌نامه یکساله از تاریخ 13 آذر تا ۳۰ آذر جریمه دیرکرد شما بخشیده می‌شود.,False,1,یک ماهه,35,200000000,583727,583727,0
1,16092,8940,2,با خرید بیمه‌نامه یکساله از تاریخ 13 آذر تا ۳۰ آذر جریمه دیرکرد شما بخشیده می‌شود.,False,1,یک ماهه,5,20000000,544496,544496,0
2,16092,8940,2,با خرید بیمه‌نامه یکساله از تاریخ 13 آذر تا ۳۰ آذر جریمه دیرکرد شما بخشیده می‌شود.,False,1,یک ماهه,7,30000000,547765,547765,0
3,16092,8940,2,با خرید بیمه‌نامه یکساله از تاریخ 13 آذر تا ۳۰ آذر جریمه دیرکرد شما بخشیده می‌شود.,False,1,یک ماهه,39,400000000,632766,632766,0
4,16092,8940,2,با خرید بیمه‌نامه یکساله از تاریخ 13 آذر تا ۳۰ آذر جریمه دیرکرد شما بخشیده می‌شود.,False,1,یک ماهه,8,40000000,551034,551034,0
5,16092,8940,2,با خرید بیمه‌نامه یکساله از تاریخ 13 آذر تا ۳۰ آذر جریمه دیرکرد شما بخشیده می‌شود.,False,1,یک ماهه,9,50000000,552669,552669,0
6,16092,8940,2,با خرید بیمه‌نامه یکساله از تاریخ 13 آذر تا ۳۰ آذر جریمه دیرکرد شما بخشیده می‌شود.,False,1,یک ماهه,41,250000000,595986,595986,0
7,16092,8940,2,با خرید بیمه‌نامه یکساله از تاریخ 13 آذر تا ۳۰ آذر جریمه دیرکرد شما بخشیده می‌شود.,False,1,یک ماهه,10,100000000,560842,560842,0
8,16092,8940,2,با خرید بیمه‌نامه یکساله از تاریخ 13 آذر تا ۳۰ آذر جریمه دیرکرد شما بخشیده می‌شود.,False,1,یک ماهه,16,80000000,557572,557572,0
9,16092,8940,2,با خرید بیمه‌نامه یکساله از تاریخ 13 آذر تا ۳۰ آذر جریمه دیرکرد شما بخشیده می‌شود.,False,1,یک ماهه,19,300000000,608246,608246,0
10,16092,8940,2,با خرید بیمه‌نامه یکساله از تاریخ 13 آذر تا ۳۰ آذر جریمه دیرکرد شما بخشیده می‌شود.,False,1,یک ماهه,28,150000000,571468,571468,0
11,16092,8940,2,با خرید بیمه‌نامه یکساله از تاریخ 13 آذر تا ۳۰ آذر جریمه دیرکرد شما بخشیده می‌شود.,False,1,یک ماهه,30,60000000,554303,554303,0
12,16092,8940,2,با خرید بیمه‌نامه یکساله از تاریخ 13 آذر تا ۳۰ آذر جریمه دیرکرد شما بخشیده می‌شود.,False,2,دو ماهه,35,200000000,962151,962151,0
13,16092,8940,2,با خرید بیمه‌نامه یکساله از تاریخ 13 آذر تا ۳۰ آذر جریمه دیرکرد شما بخشیده می‌شود.,False,2,دو ماهه,5,20000000,896766,896766,0
14,16092,8940,2,با خرید بیمه‌نامه یکساله از تاریخ 13 آذر تا ۳۰ آذر جریمه دیرکرد شما بخشیده می‌شود.,False,2,دو ماهه,7,30000000,902215,902215,0
15,16092,8940,2,با خرید بیمه‌نامه یکساله از تاریخ 13 آذر تا ۳۰ آذر جریمه دیرکرد شما بخشیده می‌شود.,False,2,دو ماهه,39,400000000,1043882,1043882,0
16,16092,8940,2,با خرید بیمه‌نامه یکساله از تاریخ 13 آذر تا ۳۰ آذر جریمه دیرکرد شما بخشیده می‌شود.,False,2,دو ماهه,8,40000000,907663,907663,0
17,16092,8940,2,با خرید بیمه‌نامه یکساله از تاریخ 13 آذر تا ۳۰ آذر جریمه دیرکرد شما بخشیده می‌شود.,False,2,دو ماهه,9,50000000,910387,910387,0
18,16092,8940,2,با خرید بیمه‌نامه یکساله از تاریخ 13 آذر تا ۳۰ آذر جریمه دیرکرد شما بخشیده می‌شود.,False,2,دو ماهه,41,250000000,982584,982584,0
19,16092,8940,2,با خرید بیمه‌نامه یکساله از تاریخ 13 آذر تا ۳۰ آذر جریمه دیرکرد شما بخشیده می‌شود.,False,2,دو ماهه,10,100000000,924010,924010,0
20,16092,8940,2,با خرید بیمه‌نامه یکساله از تاریخ 13 آذر تا ۳۰ آذر جریمه دیرکرد شما بخشیده می‌شود.,False,2,دو ماهه,16,80000000,918561,918561,0
21,16092,8940,2,با خرید بیمه‌نامه یکساله از تاریخ 13 آذر تا ۳۰ آذر جریمه دیرکرد شما بخشیده می‌شود.,False,2,دو ماهه,19,300000000,1003016,1003016,0
22,16092,8940,2,با خرید بیمه‌نامه یکساله از تاریخ 13 آذر تا ۳۰ آذر جریمه دیرکرد شما بخشیده می‌شود.,False,2,دو ماهه,28,150000000,941718,941718,0
23,16092,8940,2,با خرید بیمه‌نامه یکساله از تاریخ 13 آذر تا ۳۰ آذر جریمه دیرکرد شما بخشیده می‌شود.,False,2,دو ماهه,30,60000000,913112,913112,0
24,16092,8940,2,با خرید بیمه‌نامه یکساله از تاریخ 13 آذر تا ۳۰ آذر جریمه دیرکرد شما بخشیده می‌شود.,False,3,سه ماهه,35,200000000,1151363,1151363,0
25,16092,8940,2,با خرید بیمه‌نامه یکساله از تاریخ 13 آذر تا ۳۰ آذر جریمه دیرکرد شما بخشیده می‌شود.,False,3,سه ماهه,5,20000000,1072901,1072901,0
26,16092,8940,2,با خرید بیمه‌نامه یکساله از تاریخ 13 آذر تا ۳۰ آذر جریمه دیرکرد شما بخشیده می‌شود.,False,3,سه ماهه,7,30000000,1079439,1079439,0
27,16092,8940,2,با خرید بیمه‌نامه یکساله از تاریخ 13 آذر تا ۳۰ آذر جریمه دیرکرد شما بخشیده می‌شود.,False,3,سه ماهه,39,400000000,1249441,1249441,0
28,16092,8940,2,با خرید بیمه‌نامه یکساله از تاریخ 13 آذر تا ۳۰ آذر جریمه دیرکرد شما بخشیده می‌شود.,False,3,سه ماهه,8,40000000,1085978,1085978,0
29,16092,8940,2,با خرید بیمه‌نامه یکساله از تاریخ 13 آذر تا ۳۰ آذر جریمه دیرکرد شما بخشیده می‌شود.,False,3,سه ماهه,9,50000000,1089247,1089247,0
30,16092,8940,2,با خرید بیمه‌نامه یکساله از تاریخ 13 آذر تا ۳۰ آذر جریمه دیرکرد شما بخشیده می‌شود.,False,3,سه ماهه,41,250000000,1175882,1175882,0
31,16092,8940,2,با خرید بیمه‌نامه یکساله از تاریخ 13 آذر تا ۳۰ آذر جریمه دیرکرد شما بخشیده می‌شود.,False,3,سه ماهه,10,100000000,1105593,1105593,0
32,16092,8940,2,با خرید بیمه‌نامه یکساله از تاریخ 13 آذر تا ۳۰ آذر جریمه دیرکرد شما بخشیده می‌شود.,False,3,سه ماهه,16,80000000,1099054,1099054,0
33,16092,8940,2,با خرید بیمه‌نامه یکساله از تاریخ 13 آذر تا ۳۰ آذر جریمه دیرکرد شما بخشیده می‌شود.,False,3,سه ماهه,19,300000000,1200402,1200402,0
34,16092,8940,2,با خرید بیمه‌نامه یکساله از تاریخ 13 آذر تا ۳۰ آذر جریمه دیرکرد شما بخشیده می‌شود.,False,3,سه ماهه,28,150000000,1126844,1126844,0
35,16092,8940,2,با خرید بیمه‌نامه یکساله از تاریخ 13 آذر تا ۳۰ آذر جریمه دیرکرد شما بخشیده می‌شود.,False,3,سه ماهه,30,60000000,1092516,1092516,0
36,16092,8940,2,با خرید بیمه‌نامه یکساله از تاریخ 13 آذر تا ۳۰ آذر جریمه دیرکرد شما بخشیده می‌شود.,False,4,چهار ماهه,35,200000000,1529787,1529787,0
37,16092,8940,2,با خرید بیمه‌نامه یکساله از تاریخ 13 آذر تا ۳۰ آذر جریمه دیرکرد شما بخشیده می‌شود.,False,4,چهار ماهه,5,20000000,1425171,1425171,0
38,16092,8940,2,با خرید بیمه‌نامه یکساله از تاریخ 13 آذر تا ۳۰ آذر جریمه دیرکرد شما بخشیده می‌شود.,False,4,چهار ماهه,7,30000000,1433888,1433888,0
39,16092,8940,2,با خرید بیمه‌نامه یکساله از تاریخ 13 آذر تا ۳۰ آذر جریمه دیرکرد شما بخشیده می‌شود.,False,4,چهار ماهه,39,400000000,1660558,1660558,0
40,16092,8940,2,با خرید بیمه‌نامه یکساله از تاریخ 13 آذر تا ۳۰ آذر جریمه دیرکرد شما بخشیده می‌شود.,False,4,چهار ماهه,8,40000000,1442606,1442606,0
41,16092,8940,2,با خرید بیمه‌نامه یکساله از تاریخ 13 آذر تا ۳۰ آذر جریمه دیرکرد شما بخشیده می‌شود.,False,4,چهار ماهه,9,50000000,1446966,1446966,0
42,16092,8940,2,با خرید بیمه‌نامه یکساله از تاریخ 13 آذر تا ۳۰ آذر جریمه دیرکرد شما بخشیده می‌شود.,False,4,چهار ماهه,41,250000000,1562480,1562480,0
43,16092,8940,2,با خرید بیمه‌نامه یکساله از تاریخ 13 آذر تا ۳۰ آذر جریمه دیرکرد شما بخشیده می‌شود.,False,4,چهار ماهه,10,100000000,1468760,1468760,0
44,16092,8940,2,با خرید بیمه‌نامه یکساله از تاریخ 13 آذر تا ۳۰ آذر جریمه دیرکرد شما بخشیده می‌شود.,False,4,چهار ماهه,16,80000000,1460043,1460043,0
45,16092,8940,2,با خرید بیمه‌نامه یکساله از تاریخ 13 آذر تا ۳۰ آذر جریمه دیرکرد شما بخشیده می‌شود.,False,4,چهار ماهه,19,300000000,1595172,1595172,0
46,16092,8940,2,با خرید بیمه‌نامه یکساله از تاریخ 13 آذر تا ۳۰ آذر جریمه دیرکرد شما بخشیده می‌شود.,False,4,چهار ماهه,28,150000000,1497094,1497094,0
47,16092,8940,2,با خرید بیمه‌نامه یکساله از تاریخ 13 آذر تا ۳۰ آذر جریمه دیرکرد شما بخشیده می‌شود.,False,4,چهار ماهه,30,60000000,1451324,1451324,0
48,16092,8940,2,با خرید بیمه‌نامه یکساله از تاریخ 13 آذر تا ۳۰ آذر جریمه دیرکرد شما بخشیده می‌شود.,False,6,شش ماهه,35,200000000,2286635,2286635,0
49,16092,8940,2,با خرید بیمه‌نامه یکساله از تاریخ 13 آذر تا ۳۰ آذر جریمه دیرکرد شما بخشیده می‌شود.,False,6,شش ماهه,5,20000000,2129710,2129710,0
50,16092,8940,2,با خرید بیمه‌نامه یکساله از تاریخ 13 آذر تا ۳۰ آذر جریمه دیرکرد شما بخشیده می‌شود.,False,6,شش ماهه,7,30000000,2142787,2142787,0
51,16092,8940,2,با خرید بیمه‌نامه یکساله از تاریخ 13 آذر تا ۳۰ آذر جریمه دیرکرد شما بخشیده می‌شود.,False,6,شش ماهه,39,400000000,2482791,2482791,0
52,16092,8940,2,با خرید بیمه‌نامه یکساله از تاریخ 13 آذر تا ۳۰ آذر جریمه دیرکرد شما بخشیده می‌شود.,False,6,شش ماهه,8,40000000,2155864,2155864,0
53,16092,8940,2,با خرید بیمه‌نامه یکساله از تاریخ 13 آذر تا ۳۰ آذر جریمه دیرکرد شما بخشیده می‌شود.,False,6,شش ماهه,9,50000000,2162403,2162403,0
54,16092,8940,2,با خرید بیمه‌نامه یکساله از تاریخ 13 آذر تا ۳۰ آذر جریمه دیرکرد شما بخشیده می‌شود.,False,6,شش ماهه,41,250000000,2335674,2335674,0
55,16092,8940,2,با خرید بیمه‌نامه یکساله از تاریخ 13 آذر تا ۳۰ آذر جریمه دیرکرد شما بخشیده می‌شود.,False,6,شش ماهه,10,100000000,2195096,2195096,0
56,16092,8940,2,با خرید بیمه‌نامه یکساله از تاریخ 13 آذر تا ۳۰ آذر جریمه دیرکرد شما بخشیده می‌شود.,False,6,شش ماهه,16,80000000,2182018,2182018,0
57,16092,8940,2,با خرید بیمه‌نامه یکساله از تاریخ 13 آذر تا ۳۰ آذر جریمه دیرکرد شما بخشیده می‌شود.,False,6,شش ماهه,19,300000000,2384713,2384713,0
58,16092,8940,2,با خرید بیمه‌نامه یکساله از تاریخ 13 آذر تا ۳۰ آذر جریمه دیرکرد شما بخشیده می‌شود.,False,6,شش ماهه,28,150000000,2237596,2237596,0
59,16092,8940,2,با خرید بیمه‌نامه یکساله از تاریخ 13 آذر تا ۳۰ آذر جریمه دیرکرد شما بخشیده می‌شود.,False,6,شش ماهه,30,60000000,2168941,2168941,0
60,16092,8940,2,با خرید بیمه‌نامه یکساله از تاریخ 13 آذر تا ۳۰ آذر جریمه دیرکرد شما بخشیده می‌شود.,False,9,نه ماهه,35,200000000,3043483,3043483,0
61,16092,8940,2,با خرید بیمه‌نامه یکساله از تاریخ 13 آذر تا ۳۰ آذر جریمه دیرکرد شما بخشیده می‌شود.,False,9,نه ماهه,5,20000000,2834250,2834250,0
62,16092,8940,2,با خرید بیمه‌نامه یکساله از تاریخ 13 آذر تا ۳۰ آذر جریمه دیرکرد شما بخشیده می‌شود.,False,9,نه ماهه,7,30000000,2851685,2851685,0
63,16092,8940,2,با خرید بیمه‌نامه یکساله از تاریخ 13 آذر تا ۳۰ آذر جریمه دیرکرد شما بخشیده می‌شود.,False,9,نه ماهه,39,400000000,3305025,3305025,0
64,16092,8940,2,با خرید بیمه‌نامه یکساله از تاریخ 13 آذر تا ۳۰ آذر جریمه دیرکرد شما بخشیده می‌شود.,False,9,نه ماهه,8,40000000,2869122,2869122,0
65,16092,8940,2,با خرید بیمه‌نامه یکساله از تاریخ 13 آذر تا ۳۰ آذر جریمه دیرکرد شما بخشیده می‌شود.,False,9,نه ماهه,9,50000000,2877840,2877840,0
66,16092,8940,2,با خرید بیمه‌نامه یکساله از تاریخ 13 آذر تا ۳۰ آذر جریمه دیرکرد شما بخشیده می‌شود.,False,9,نه ماهه,41,250000000,3108868,3108868,0
67,16092,8940,2,با خرید بیمه‌نامه یکساله از تاریخ 13 آذر تا ۳۰ آذر جریمه دیرکرد شما بخشیده می‌شود.,False,9,نه ماهه,10,100000000,2921430,2921430,0
68,16092,8940,2,با خرید بیمه‌نامه یکساله از تاریخ 13 آذر تا ۳۰ آذر جریمه دیرکرد شما بخشیده می‌شود.,False,9,نه ماهه,16,80000000,2903994,2903994,0
69,16092,8940,2,با خرید بیمه‌نامه یکساله از تاریخ 13 آذر تا ۳۰ آذر جریمه دیرکرد شما بخشیده می‌شود.,False,9,نه ماهه,19,300000000,3174254,3174254,0
70,16092,8940,2,با خرید بیمه‌نامه یکساله از تاریخ 13 آذر تا ۳۰ آذر جریمه دیرکرد شما بخشیده می‌شود.,False,9,نه ماهه,28,150000000,2978097,2978097,0
71,16092,8940,2,با خرید بیمه‌نامه یکساله از تاریخ 13 آذر تا ۳۰ آذر جریمه دیرکرد شما بخشیده می‌شود.,False,9,نه ماهه,30,60000000,2886557,2886557,0
72,16092,8940,2,با خرید بیمه‌نامه یکساله از تاریخ 13 آذر تا ۳۰ آذر جریمه دیرکرد شما بخشیده می‌شود.,False,12,یک ساله,35,200000000,3800331,3800331,0
73,16092,8940,2,با خرید بیمه‌نامه یکساله از تاریخ 13 آذر تا ۳۰ آذر جریمه دیرکرد شما بخشیده می‌شود.,False,12,یک ساله,5,20000000,3538789,3538789,0
74,16092,8940,2,با خرید بیمه‌نامه یکساله از تاریخ 13 آذر تا ۳۰ آذر جریمه دیرکرد شما بخشیده می‌شود.,False,12,یک ساله,7,30000000,3560584,3560584,0
75,16092,8940,2,با خرید بیمه‌نامه یکساله از تاریخ 13 آذر تا ۳۰ آذر جریمه دیرکرد شما بخشیده می‌شود.,False,12,یک ساله,39,400000000,4127258,4127258,0
76,16092,8940,2,با خرید بیمه‌نامه یکساله از تاریخ 13 آذر تا ۳۰ آذر جریمه دیرکرد شما بخشیده می‌شود.,False,12,یک ساله,8,40000000,3582379,3582379,0
77,16092,8940,2,با خرید بیمه‌نامه یکساله از تاریخ 13 آذر تا ۳۰ آذر جریمه دیرکرد شما بخشیده می‌شود.,False,12,یک ساله,9,50000000,3593277,3593277,0
78,16092,8940,2,با خرید بیمه‌نامه یکساله از تاریخ 13 آذر تا ۳۰ آذر جریمه دیرکرد شما بخشیده می‌شود.,False,12,یک ساله,41,250000000,3882063,3882063,0
79,16092,8940,2,با خرید بیمه‌نامه یکساله از تاریخ 13 آذر تا ۳۰ آذر جریمه دیرکرد شما بخشیده می‌شود.,False,12,یک ساله,10,100000000,3647765,3647765,0
80,16092,8940,2,با خرید بیمه‌نامه یکساله از تاریخ 13 آذر تا ۳۰ آذر جریمه دیرکرد شما بخشیده می‌شود.,False,12,یک ساله,16,80000000,3625970,3625970,0
81,16092,8940,2,با خرید بیمه‌نامه یکساله از تاریخ 13 آذر تا ۳۰ آذر جریمه دیرکرد شما بخشیده می‌شود.,False,12,یک ساله,19,300000000,3963795,3963795,0
82,16092,8940,2,با خرید بیمه‌نامه یکساله از تاریخ 13 آذر تا ۳۰ آذر جریمه دیرکرد شما بخشیده می‌شود.,False,12,یک ساله,28,150000000,3718599,3718599,0
83,16092,8940,2,با خرید بیمه‌نامه یکساله از تاریخ 13 آذر تا ۳۰ آذر جریمه دیرکرد شما بخشیده می‌شود.,False,12,یک ساله,30,60000000,3604174,3604174,0
